{"cameraMode":{"drawMode":0,"name":"Shaded","section":"Shading Mode"},"sceneLighting":true,"audioPlay":false,"sceneViewState":{"m_AlwaysRefresh":false,"showFog":true,"showSkybox":true,"showFlares":true,"showImageEffects":true,"showParticleSystems":true,"showVisualEffectGraphs":true,"m_FxEnabled":true},"in2DMode":false,"pivot":{"x":-20.540000915527345,"y":1.2227174043655396,"z":1.021299123764038},"rotation":{"x":-0.0020240687299519779,"y":-0.9880949258804321,"z":0.1532781571149826,"w":-0.013047833926975727},"size":0.2876342236995697,"orthographic":false}